{
    "train_loss": [
        2.787168175833566,
        2.0954139164515904,
        1.665110340572539,
        1.354793922106425,
        1.1489901017575037,
        1.0039745049817221,
        0.9113353209836142,
        0.8051430994556064,
        0.72284626634348,
        0.6568319357576824,
        0.5936199032125019,
        0.5532456273833911,
        0.5018535838950248,
        0.4695201730444318,
        0.4262195710979757,
        0.40289076673133034,
        0.3716227355102698,
        0.3527683636262303,
        0.3321016942106542,
        0.3096326687506267,
        0.2856650137120769,
        0.27154199484558333,
        0.2617276354205041,
        0.2467928870625439,
        0.23747608917987062
    ],
    "train_f1": [
        0.0767296522859738,
        0.16628641664481839,
        0.2343769677222046,
        0.2856299349871841,
        0.3327904429328883,
        0.36420065703619914,
        0.38717799187668883,
        0.4308856714620589,
        0.45102510262862827,
        0.4925665363526968,
        0.531728632066842,
        0.5525442236269319,
        0.578332719435972,
        0.6174399339519758,
        0.6309144048697602,
        0.6675487797221303,
        0.6895631621139258,
        0.7139659911704435,
        0.7245098127025459,
        0.7547285672519641,
        0.7638918593163811,
        0.7811007802197181,
        0.7897855579286881,
        0.7842817015350614,
        0.8018081608769195
    ],
    "val_loss": [
        2.3561305774832673,
        1.754065306681507,
        1.5482198967123932,
        1.0892135894523476,
        1.0084703710843932,
        0.911480466149888,
        1.01112529466737,
        0.6950178382531652,
        0.7673964163042465,
        0.5500550925169351,
        0.5433558073808562,
        0.5616758240843719,
        0.6537529058613867,
        0.5792241380462106,
        0.48976210350135585,
        0.4411492313978807,
        0.35503421470804036,
        0.33718202628617017,
        0.3032910168733237,
        0.29957017977282685,
        0.41313666161501184,
        0.3090945392284753,
        0.3079610107079992,
        0.2718955045741684,
        0.31695673396846036
    ],
    "val_f1": [
        0.13674504841569685,
        0.2196060835253589,
        0.25951187119327024,
        0.3406642775128193,
        0.3698617716541884,
        0.39171313879046465,
        0.3999476319380189,
        0.4565541939610586,
        0.46720507298731284,
        0.49274940824833013,
        0.5611870559286539,
        0.5568362399967983,
        0.5604528546105698,
        0.5835270269602353,
        0.6083600125552215,
        0.6715125393819739,
        0.6917837435842717,
        0.6957266629940305,
        0.751118460110888,
        0.7389471072719928,
        0.6935435903714704,
        0.7659991279916136,
        0.7648011482221537,
        0.7774795573733165,
        0.7055792111574521
    ],
    "learning_rates": [
        0.001,
        0.001,
        0.001,
        0.001,
        0.001,
        0.001,
        0.001,
        0.001,
        0.001,
        0.001,
        0.001,
        0.001,
        0.001,
        0.001,
        0.001,
        0.001,
        0.001,
        0.001,
        0.001,
        0.001,
        0.001,
        0.001,
        0.001,
        0.001,
        0.001
    ],
    "epoch_times": [
        163.8370554447174,
        163.39270901679993,
        162.32981967926025,
        178.80633115768433,
        152.39286375045776,
        149.67362642288208,
        150.94903802871704,
        151.18745136260986,
        151.475323677063,
        151.42906498908997,
        203.711003780365,
        203.19255948066711,
        224.03648328781128,
        153.04219365119934,
        150.82964301109314,
        150.69479775428772,
        168.1483919620514,
        218.83107113838196,
        151.72262477874756,
        153.96481275558472,
        152.66127634048462,
        152.26854753494263,
        151.74758315086365,
        153.89232659339905,
        152.73334765434265
    ]
}